residue,atom,center,half_width
# 1Hα CSI ranges — Wishart, Sykes & Richards (1992) Biochemistry 31:1647
# 13C CSI ranges (TSP) — Wishart & Sykes (1994) J. Biomol. NMR 4:171
# CYS = reduced; CYSO = oxidized (disulfide)
ALA,HA,4.35,0.10
CYS,HA,4.65,0.10
ASP,HA,4.76,0.10
GLU,HA,4.29,0.10
PHE,HA,4.66,0.10
GLY,HA,3.97,0.10
HIS,HA,4.63,0.10
ILE,HA,3.95,0.10
LYS,HA,4.36,0.10
LEU,HA,4.17,0.10
MET,HA,4.52,0.10
ASN,HA,4.75,0.10
PRO,HA,4.44,0.10
GLN,HA,4.37,0.10
ARG,HA,4.38,0.10
SER,HA,4.50,0.10
THR,HA,4.35,0.10
VAL,HA,3.95,0.10
TRP,HA,4.70,0.10
TYR,HA,4.60,0.10
ALA,CA,52.5,0.7
CYS,CA,58.3,0.7
CYSO,CA,58.0,0.7
ASP,CA,54.1,0.7
GLU,CA,56.7,0.7
PHE,CA,57.9,0.7
GLY,CA,45.0,0.7
HIS,CA,55.8,0.7
ILE,CA,62.6,0.7
LYS,CA,56.7,0.7
LEU,CA,55.7,0.7
MET,CA,56.6,0.7
ASN,CA,53.6,0.7
PRO,CA,62.9,4.0
GLN,CA,56.2,0.7
ARG,CA,56.3,0.7
SER,CA,58.3,0.7
THR,CA,63.1,0.7
VAL,CA,63.0,0.7
TRP,CA,57.8,0.7
TYR,CA,58.6,0.7
ALA,C,177.1,0.5
CYS,C,174.8,0.5
CYSO,C,175.1,0.5
ASP,C,177.2,0.5
GLU,C,176.1,0.5
PHE,C,175.8,0.5
GLY,C,173.6,0.5
HIS,C,175.1,0.5
ILE,C,176.9,0.5
LYS,C,176.5,0.5
LEU,C,177.1,0.5
MET,C,175.8,0.5
ASN,C,175.1,0.5
PRO,C,176.0,4.0
GLN,C,176.3,0.5
ARG,C,176.5,0.5
SER,C,173.7,0.5
THR,C,175.2,0.5
VAL,C,177.1,0.5
TRP,C,175.8,0.5
TYR,C,175.7,0.5
ALA,CB,19.0,0.7
CYS,CB,28.6,0.7
CYSO,CB,41.8,0.7
ASP,CB,40.8,0.7
GLU,CB,29.7,0.7
PHE,CB,39.3,0.7
HIS,CB,32.0,0.7
ILE,CB,37.5,0.7
LYS,CB,32.3,0.7
LEU,CB,41.9,0.7
MET,CB,32.8,0.7
ASN,CB,39.0,0.7
PRO,CB,31.7,4.0
GLN,CB,30.1,0.7
ARG,CB,30.3,0.7
SER,CB,62.7,0.7
THR,CB,68.1,0.7
VAL,CB,31.7,0.7
TRP,CB,28.3,0.7
TYR,CB,38.7,0.7
