residue,atom,value
# Wishart et al. 1995 Table 5 — Gly-Gly-X-Pro-Gly-Gly random-coil (reduced Cys).
# Official LACS (bmrb-io/LACS ord.m procorr) adds (Table2 − Table5) to
# CA/CB/HA/CO before subtracting coil — equivalent to using these values.
# Wang 2005 text names CA/CB; the shipping software also corrects CO (C′).
ALA,CA,50.5
ALA,CB,18.1
ALA,C,175.9
ARG,CA,54.0
ARG,CB,30.2
ARG,C,174.5
ASN,CA,51.3
ASN,CB,38.7
ASN,C,173.6
ASP,CA,52.2
ASP,CB,40.9
ASP,C,175.0
CYS,CA,56.4
CYS,CB,27.1
CYS,C,173.0
GLN,CA,53.7
GLN,CB,28.8
GLN,C,174.4
GLU,CA,54.2
GLU,CB,29.2
GLU,C,174.9
GLY,CA,44.5
GLY,C,174.5
HIS,CA,53.3
HIS,CB,29.0
HIS,C,172.6
ILE,CA,58.7
ILE,CB,38.7
ILE,C,175.0
LEU,CA,53.1
LEU,CB,41.7
LEU,C,175.7
LYS,CA,54.2
LYS,CB,32.6
LYS,C,174.8
MET,CA,53.3
MET,CB,32.4
MET,C,174.6
PHE,CA,55.6
PHE,CB,39.1
PHE,C,174.4
PRO,CA,61.5
PRO,CB,30.9
PRO,C,171.4
SER,CA,56.4
SER,CB,63.3
SER,C,173.1
THR,CA,59.8
THR,CB,69.8
THR,C,173.2
TRP,CA,55.7
TRP,CB,28.9
TRP,C,174.8
TYR,CA,55.8
TYR,CB,38.3
TYR,C,174.8
VAL,CA,59.8
VAL,CB,32.6
VAL,C,174.9
