residue,N,CO,CA,CB,NH,HA
A,125.0,178.5,52.8,19.3,8.35,4.35
C,118.8,175.3,58.6,28.3,8.44,4.59
D,119.1,175.9,53.0,38.3,8.56,4.82
E,120.2,176.8,56.1,29.9,8.4,4.42
F,120.7,176.6,58.1,39.8,8.31,4.65
G,107.5,174.9,45.4,,8.41,4.02
H,118.1,175.1,55.4,29.1,8.56,4.79
I,120.4,177.1,61.6,38.9,8.17,4.21
K,121.6,177.4,56.7,33.2,8.36,4.36
L,122.4,178.2,55.5,42.5,8.28,4.38
M,120.3,177.1,55.8,32.9,8.42,4.52
N,119.0,176.1,53.3,39.1,8.51,4.79
P,,177.8,63.7,32.2,,4.45
Q,120.5,176.8,56.2,29.5,8.44,4.38
R,121.2,177.1,56.5,30.9,8.39,4.38
S,115.5,175.4,58.7,64.1,8.43,4.51
T,112.0,175.6,62.0,70.0,8.25,4.43
V,119.3,177.0,62.6,31.8,8.16,4.16
W,122.1,177.1,57.6,29.8,8.22,4.7
Y,120.9,176.7,58.3,38.9,8.26,4.58
