residue,N,CO,CA,CB,NH,HA
A,-0.2,0.0,0.0,0.0,0.0,0.0
C,2.43,0.0,0.0,0.0,0.0,0.0
D,1.175,0.0,0.0,0.0,0.0,0.0
E,1.8,0.0,0.0,0.0,0.0,0.0
F,1.251,0.0,0.0,0.0,0.0,0.0
G,1.067,0.0,0.0,0.0,0.0,0.0
H,1.2,0.0,0.0,0.0,0.0,-0.094
I,4.136,0.0,0.0,0.0,0.0,0.0
K,1.545,0.0,0.0,0.0,0.0,0.0
L,1.5,0.0,0.0,0.0,0.0,0.0
M,1.333,0.0,0.0,0.0,0.0,0.0
N,1.15,0.0,0.0,0.0,0.0,0.0
P,0.6,0.0,0.0,0.0,0.0,0.0
Q,1.574,0.0,0.0,0.0,0.0,0.0
R,1.446,0.0,0.0,0.0,0.0,0.0
S,2.594,0.0,0.0,0.0,0.0,0.0
T,3.2,0.0,0.0,0.0,0.0,0.0
V,3.825,0.0,0.0,0.0,0.0,0.0
W,1.64,0.0,0.0,0.0,0.0,0.0
Y,1.75,0.0,0.0,0.0,0.0,0.0
c,2.55,0.0,0.0,0.0,0.0,0.0
